;Rank;Titulo;Calificacion;Link
0;1;Berserk;9.47;https://myanimelist.net/manga/2/Berserk
1;2;JoJo no Kimyou na Bouken Part 7: Steel Ball Run;9.32;https://myanimelist.net/manga/1706/JoJo_no_Kimyou_na_Bouken_Part_7__Steel_Ball_Run
2;3;Vagabond;9.27;https://myanimelist.net/manga/656/Vagabond
3;4;One Piece;9.22;https://myanimelist.net/manga/13/One_Piece
4;5;Monster;9.16;https://myanimelist.net/manga/1/Monster
5;6;Slam Dunk;9.08;https://myanimelist.net/manga/51/Slam_Dunk
6;7;Vinland Saga;9.08;https://myanimelist.net/manga/642/Vinland_Saga
7;8;Fullmetal Alchemist;9.04;https://myanimelist.net/manga/25/Fullmetal_Alchemist
8;9;Grand Blue;9.03;https://myanimelist.net/manga/70345/Grand_Blue
9;10;Kingdom;9.01;https://myanimelist.net/manga/16765/Kingdom
10;11;Oyasumi Punpun;8.99;https://myanimelist.net/manga/4632/Oyasumi_Punpun
11;12;Houseki no Kuni;8.97;https://myanimelist.net/manga/44489/Houseki_no_Kuni
12;13;Real;8.95;https://myanimelist.net/manga/657/Real
13;14;20th Century Boys;8.94;https://myanimelist.net/manga/3/20th_Century_Boys
14;15;Ashita no Joe;8.93;https://myanimelist.net/manga/1303/Ashita_no_Joe
15;16;Yotsuba to!;8.91;https://myanimelist.net/manga/104/Yotsuba_to
16;17;Umineko no Naku Koro ni Chiru - Episode 8: Twilight of the Golden Witch;8.89;https://myanimelist.net/manga/34053/Umineko_no_Naku_Koro_ni_Chiru_-_Episode_8__Twilight_of_the_Golden_Witch
17;18;Kaguya-sama wa Kokurasetai: Tensai-tachi no Renai Zunousen;8.89;https://myanimelist.net/manga/90125/Kaguya-sama_wa_Kokurasetai__Tensai-tachi_no_Renai_Zunousen
18;19;GTO;8.87;https://myanimelist.net/manga/336/GTO
19;20;Haikyuu!!;8.86;https://myanimelist.net/manga/35243/Haikyuu
20;21;3-gatsu no Lion;8.85;https://myanimelist.net/manga/1224/3-gatsu_no_Lion
21;22;Sousou no Frieren;8.85;https://myanimelist.net/manga/126287/Sousou_no_Frieren
22;23;Koe no Katachi;8.85;https://myanimelist.net/manga/56805/Koe_no_Katachi
23;24;Akatsuki no Yona;8.82;https://myanimelist.net/manga/21525/Akatsuki_no_Yona
24;25;Kaoru Hana wa Rin to Saku;8.82;https://myanimelist.net/manga/144267/Kaoru_Hana_wa_Rin_to_Saku
25;26;Nana;8.81;https://myanimelist.net/manga/28/Nana
26;27;Kaze no Tani no Nausicaä;8.81;https://myanimelist.net/manga/651/Kaze_no_Tani_no_Nausicaä
27;28;Kokou no Hito;8.81;https://myanimelist.net/manga/7375/Kokou_no_Hito
28;29;Dungeon Meshi;8.77;https://myanimelist.net/manga/85781/Dungeon_Meshi
29;30;Jumyou wo Kaitotte Moratta. Ichinen ni Tsuki, Ichimanen de.;8.77;https://myanimelist.net/manga/100448/Jumyou_wo_Kaitotte_Moratta_Ichinen_ni_Tsuki_Ichimanen_de
30;31;Hunter x Hunter;8.76;https://myanimelist.net/manga/26/Hunter_x_Hunter
31;32;Hajime no Ippo;8.74;https://myanimelist.net/manga/7/Hajime_no_Ippo
32;33;Uchuu Kyoudai;8.74;https://myanimelist.net/manga/14483/Uchuu_Kyoudai
33;34;Made in Abyss;8.73;https://myanimelist.net/manga/91941/Made_in_Abyss
34;35;Shoujo Shuumatsu Ryokou;8.72;https://myanimelist.net/manga/72467/Shoujo_Shuumatsu_Ryokou
35;36;One Punch-Man;8.72;https://myanimelist.net/manga/44347/One_Punch-Man
36;37;Veil;8.72;https://myanimelist.net/manga/132678/Veil
37;38;Kono Oto Tomare!;8.70;https://myanimelist.net/manga/45143/Kono_Oto_Tomare
38;39;Mushishi;8.70;https://myanimelist.net/manga/418/Mushishi
39;40;Death Note;8.69;https://myanimelist.net/manga/21/Death_Note
40;41;Beck;8.69;https://myanimelist.net/manga/145/Beck
41;42;Chainsaw Man;8.69;https://myanimelist.net/manga/116778/Chainsaw_Man
42;43;Medalist;8.68;https://myanimelist.net/manga/129621/Medalist
43;44;Dorohedoro;8.68;https://myanimelist.net/manga/1133/Dorohedoro
44;45;Akira;8.66;https://myanimelist.net/manga/664/Akira
45;46;Natsume Yuujinchou;8.66;https://myanimelist.net/manga/1859/Natsume_Yuujinchou
46;47;Tongari Boushi no Atelier;8.66;https://myanimelist.net/manga/100035/Tongari_Boushi_no_Atelier
47;48;Kusuriya no Hitorigoto;8.66;https://myanimelist.net/manga/107562/Kusuriya_no_Hitorigoto
48;49;Yagate Kimi ni Naru;8.65;https://myanimelist.net/manga/88660/Yagate_Kimi_ni_Naru
49;50;Bungou Stray Dogs: Beast;8.65;https://myanimelist.net/manga/123006/Bungou_Stray_Dogs__Beast
50;51;Kimi to Tsuzuru Utakata;8.65;https://myanimelist.net/manga/128365/Kimi_to_Tsuzuru_Utakata
51;52;Yokohama Kaidashi Kikou;8.65;https://myanimelist.net/manga/4/Yokohama_Kaidashi_Kikou
52;53;Gintama;8.64;https://myanimelist.net/manga/44/Gintama
53;54;Sayonara Eri;8.64;https://myanimelist.net/manga/145863/Sayonara_Eri
54;55;ReLIFE;8.63;https://myanimelist.net/manga/78523/ReLIFE
55;56;Golden Kamuy;8.63;https://myanimelist.net/manga/85968/Golden_Kamuy
56;57;Kozure Ookami;8.63;https://myanimelist.net/manga/904/Kozure_Ookami
57;58;Umineko no Naku Koro ni Chiru - Episode 7: Requiem of the Golden Witch;8.63;https://myanimelist.net/manga/23900/Umineko_no_Naku_Koro_ni_Chiru_-_Episode_7__Requiem_of_the_Golden_Witch
58;59;Ao Ashi;8.62;https://myanimelist.net/manga/102256/Ao_Ashi
59;60;Pluto;8.62;https://myanimelist.net/manga/745/Pluto
60;61;Aria;8.61;https://myanimelist.net/manga/81/Aria
61;62;Usogui;8.61;https://myanimelist.net/manga/9982/Usogui
62;63;Mob Psycho 100;8.61;https://myanimelist.net/manga/60783/Mob_Psycho_100
63;64;Blue Period;8.61;https://myanimelist.net/manga/107931/Blue_Period
64;65;Banana Fish;8.60;https://myanimelist.net/manga/756/Banana_Fish
65;66;Skip to Loafer;8.60;https://myanimelist.net/manga/118289/Skip_to_Loafer
66;67;Umarekawattemo Mata, Watashi to Kekkon shitekuremasu ka;8.59;https://myanimelist.net/manga/114043/Umarekawattemo_Mata_Watashi_to_Kekkon_shitekuremasu_ka
67;68;Shigatsu wa Kimi no Uso;8.59;https://myanimelist.net/manga/37707/Shigatsu_wa_Kimi_no_Uso
68;69;Shinseiki Evangelion;8.58;https://myanimelist.net/manga/698/Shinseiki_Evangelion
69;70;Tobaku Datenroku Kaiji: One Poker-hen;8.58;https://myanimelist.net/manga/61579/Tobaku_Datenroku_Kaiji__One_Poker-hen
70;71;JoJo no Kimyou na Bouken Part 4: Diamond wa Kudakenai;8.57;https://myanimelist.net/manga/3006/JoJo_no_Kimyou_na_Bouken_Part_4__Diamond_wa_Kudakenai
71;72;Chihayafuru;8.57;https://myanimelist.net/manga/13245/Chihayafuru
72;73;Pandora Hearts;8.56;https://myanimelist.net/manga/3031/Pandora_Hearts
73;74;Otoyomegatari;8.56;https://myanimelist.net/manga/11514/Otoyomegatari
74;75;Skip Beat!;8.55;https://myanimelist.net/manga/610/Skip_Beat
75;76;Billy Bat;8.55;https://myanimelist.net/manga/11054/Billy_Bat
76;77;Diamond no Ace Act II;8.55;https://myanimelist.net/manga/92559/Diamond_no_Ace_Act_II
77;78;Jibaku Shounen Hanako-kun;8.55;https://myanimelist.net/manga/105084/Jibaku_Shounen_Hanako-kun
78;79;Shingeki no Kyojin;8.55;https://myanimelist.net/manga/23390/Shingeki_no_Kyojin
79;80;The Fable;8.55;https://myanimelist.net/manga/87844/The_Fable
80;81;Rurouni Kenshin: Meiji Kenkaku Romantan;8.54;https://myanimelist.net/manga/22/Rurouni_Kenshin__Meiji_Kenkaku_Romantan
81;82;Hi no Tori (1967);8.54;https://myanimelist.net/manga/1325/Hi_no_Tori_1967
82;83;Kamisama Hajimemashita;8.54;https://myanimelist.net/manga/8157/Kamisama_Hajimemashita
83;84;Tokyo Ghoul;8.54;https://myanimelist.net/manga/33327/Tokyo_Ghoul
84;85;Sasaki to Miyano;8.53;https://myanimelist.net/manga/101396/Sasaki_to_Miyano
85;86;Fruits Basket;8.53;https://myanimelist.net/manga/102/Fruits_Basket
86;87;Ping Pong;8.53;https://myanimelist.net/manga/5744/Ping_Pong
87;88;One Outs;8.53;https://myanimelist.net/manga/11327/One_Outs
88;89;Hirayasumi;8.52;https://myanimelist.net/manga/137303/Hirayasumi
89;90;Umineko no Naku Koro ni Chiru - Episode 5: End of the Golden Witch;8.51;https://myanimelist.net/manga/21498/Umineko_no_Naku_Koro_ni_Chiru_-_Episode_5__End_of_the_Golden_Witch
90;91;Kakukaku Shikajika;8.50;https://myanimelist.net/manga/44307/Kakukaku_Shikajika
91;92;Ouran Koukou Host Club;8.50;https://myanimelist.net/manga/30/Ouran_Koukou_Host_Club
92;93;Kidou Senshi Gundam: The Origin;8.50;https://myanimelist.net/manga/214/Kidou_Senshi_Gundam__The_Origin
93;94;Watashitachi no Shiawase na Jikan;8.50;https://myanimelist.net/manga/11734/Watashitachi_no_Shiawase_na_Jikan
94;95;Given;8.49;https://myanimelist.net/manga/79085/Given
95;96;Blue Giant;8.49;https://myanimelist.net/manga/85719/Blue_Giant
96;97;Bakemonogatari;8.49;https://myanimelist.net/manga/113010/Bakemonogatari
97;98;Yubisaki to Renren;8.49;https://myanimelist.net/manga/121504/Yubisaki_to_Renren
98;99;Sakamichi no Apollon;8.49;https://myanimelist.net/manga/28393/Sakamichi_no_Apollon
99;100;Kimi no Suizou wo Tabetai;8.49;https://myanimelist.net/manga/104538/Kimi_no_Suizou_wo_Tabetai
100;101;Spy x Family;8.48;https://myanimelist.net/manga/119161/Spy_x_Family
101;102;Bungou Stray Dogs;8.48;https://myanimelist.net/manga/56529/Bungou_Stray_Dogs
102;103;Spirit Circle;8.48;https://myanimelist.net/manga/38071/Spirit_Circle
103;104;JoJo no Kimyou na Bouken Part 8: JoJolion;8.47;https://myanimelist.net/manga/25515/JoJo_no_Kimyou_na_Bouken_Part_8__JoJolion
104;105;Chikan Otoko;8.47;https://myanimelist.net/manga/46282/Chikan_Otoko
105;106;Blue Lock;8.47;https://myanimelist.net/manga/114745/Blue_Lock
106;107;Shimeji Simulation;8.47;https://myanimelist.net/manga/117851/Shimeji_Simulation
107;108;Vanitas no Karte;8.47;https://myanimelist.net/manga/93753/Vanitas_no_Karte
108;109;Ohayou, Ibarahime;8.47;https://myanimelist.net/manga/88639/Ohayou_Ibarahime
109;110;blanc;8.46;https://myanimelist.net/manga/112988/blanc
110;111;Hinamatsuri;8.46;https://myanimelist.net/manga/36413/Hinamatsuri
111;112;Shimanami Tasogare;8.46;https://myanimelist.net/manga/97244/Shimanami_Tasogare
112;113;Eyeshield 21;8.46;https://myanimelist.net/manga/43/Eyeshield_21
113;114;Cross Game;8.46;https://myanimelist.net/manga/1183/Cross_Game
114;115;Kami nomi zo Shiru Sekai;8.46;https://myanimelist.net/manga/7519/Kami_nomi_zo_Shiru_Sekai
115;116;Dandadan;8.45;https://myanimelist.net/manga/135496/Dandadan
116;117;Ookami to Koushinryou;8.45;https://myanimelist.net/manga/3299/Ookami_to_Koushinryou
117;118;Rainbow: Nisha Rokubou no Shichinin;8.45;https://myanimelist.net/manga/7482/Rainbow__Nisha_Rokubou_no_Shichinin
118;119;Yuukoku no Moriarty;8.45;https://myanimelist.net/manga/100323/Yuukoku_no_Moriarty
119;120;Uma Musume Cinderella Gray;8.44;https://myanimelist.net/manga/133431/Uma_Musume_Cinderella_Gray
120;121;Umineko no Naku Koro ni Chiru - Episode 6: Dawn of the Golden Witch;8.44;https://myanimelist.net/manga/21499/Umineko_no_Naku_Koro_ni_Chiru_-_Episode_6__Dawn_of_the_Golden_Witch
121;122;Kininatteru Hito ga Otoko ja Nakatta;8.44;https://myanimelist.net/manga/155861/Kininatteru_Hito_ga_Otoko_ja_Nakatta
122;123;Dragon Ball;8.44;https://myanimelist.net/manga/42/Dragon_Ball
123;124;Doraemon;8.44;https://myanimelist.net/manga/1032/Doraemon
124;125;Holyland;8.44;https://myanimelist.net/manga/3285/Holyland
125;126;Kyou kara Ore wa!!;8.44;https://myanimelist.net/manga/6812/Kyou_kara_Ore_wa
126;127;21st Century Boys;8.43;https://myanimelist.net/manga/743/21st_Century_Boys
127;128;Glass no Kamen;8.43;https://myanimelist.net/manga/1469/Glass_no_Kamen
128;129;Barakamon;8.43;https://myanimelist.net/manga/17051/Barakamon
129;130;Hirano to Kagiura;8.43;https://myanimelist.net/manga/119279/Hirano_to_Kagiura
130;131;Gekkan Shoujo Nozaki-kun;8.43;https://myanimelist.net/manga/29211/Gekkan_Shoujo_Nozaki-kun
131;132;Shiori Experience: Jimi na Watashi to Hen na Ojisan;8.42;https://myanimelist.net/manga/87397/Shiori_Experience__Jimi_na_Watashi_to_Hen_na_Ojisan
132;133;Mayonaka Heart Tune;8.42;https://myanimelist.net/manga/162964/Mayonaka_Heart_Tune
133;134;Tobaku Mokushiroku Kaiji;8.42;https://myanimelist.net/manga/3572/Tobaku_Mokushiroku_Kaiji
134;135;Mugen no Juunin;8.41;https://myanimelist.net/manga/658/Mugen_no_Juunin
135;136;Kuroshitsuji;8.41;https://myanimelist.net/manga/3866/Kuroshitsuji
136;137;Horimiya;8.41;https://myanimelist.net/manga/42451/Horimiya
137;138;Look Back;8.41;https://myanimelist.net/manga/138673/Look_Back
138;139;Nodame Cantabile;8.40;https://myanimelist.net/manga/419/Nodame_Cantabile
139;140;Basara;8.40;https://myanimelist.net/manga/974/Basara
140;141;Tobaku Hakairoku Kaiji;8.40;https://myanimelist.net/manga/3573/Tobaku_Hakairoku_Kaiji
141;142;Yuru Camp△;8.40;https://myanimelist.net/manga/94376/Yuru_Camp△
142;143;Toshokan no Daimajutsushi;8.40;https://myanimelist.net/manga/110771/Toshokan_no_Daimajutsushi
143;144;Kimi wa Houkago Insomnia;8.40;https://myanimelist.net/manga/121213/Kimi_wa_Houkago_Insomnia
144;145;Ikoku Nikki;8.39;https://myanimelist.net/manga/118804/Ikoku_Nikki
145;146;Onanie Master Kurosawa;8.39;https://myanimelist.net/manga/8967/Onanie_Master_Kurosawa
146;147;Innocent Rouge;8.39;https://myanimelist.net/manga/93699/Innocent_Rouge
147;148;Kimi no Na wa.;8.39;https://myanimelist.net/manga/99314/Kimi_no_Na_wa
148;149;Amayo no Tsuki;8.38;https://myanimelist.net/manga/142310/Amayo_no_Tsuki
149;150;Gunnm;8.38;https://myanimelist.net/manga/768/Gunnm
150;151;Kaichou wa Maid-sama!;8.38;https://myanimelist.net/manga/2921/Kaichou_wa_Maid-sama
151;152;Nichijou;8.38;https://myanimelist.net/manga/3082/Nichijou
152;153;My Girl;8.38;https://myanimelist.net/manga/6164/My_Girl
153;154;Imawa no Kuni no Alice;8.38;https://myanimelist.net/manga/33031/Imawa_no_Kuni_no_Alice
154;155;Tomodachi Game;8.37;https://myanimelist.net/manga/62795/Tomodachi_Game
155;156;Tensei shitara Slime Datta Ken;8.37;https://myanimelist.net/manga/87609/Tensei_shitara_Slime_Datta_Ken
156;157;Mata, Onaji Yume wo Miteita;8.37;https://myanimelist.net/manga/110160/Mata_Onaji_Yume_wo_Miteita
157;158;xxxHOLiC;8.37;https://myanimelist.net/manga/10/xxxHOLiC
158;159;Azumanga Daioh;8.37;https://myanimelist.net/manga/85/Azumanga_Daioh
159;160;Cardcaptor Sakura;8.37;https://myanimelist.net/manga/106/Cardcaptor_Sakura
160;161;Kiseijuu;8.37;https://myanimelist.net/manga/401/Kiseijuu
161;162;SKET Dance;8.37;https://myanimelist.net/manga/1414/SKET_Dance
162;163;Bakuman.;8.37;https://myanimelist.net/manga/9711/Bakuman
163;164;Love Bullet;8.37;https://myanimelist.net/manga/166372/Love_Bullet
164;165;Shadows House;8.36;https://myanimelist.net/manga/115730/Shadows_House
165;166;Haruka Tooki Ie;8.36;https://myanimelist.net/manga/136103/Haruka_Tooki_Ie
166;167;Noragami;8.36;https://myanimelist.net/manga/24692/Noragami
167;168;Boku dake ga Inai Machi;8.36;https://myanimelist.net/manga/39325/Boku_dake_ga_Inai_Machi
168;169;Umineko no Naku Koro ni - Episode 3: Banquet of the Golden Witch;8.36;https://myanimelist.net/manga/16081/Umineko_no_Naku_Koro_ni_-_Episode_3__Banquet_of_the_Golden_Witch
169;170;Kimi no Yoru ni Fureru;8.36;https://myanimelist.net/manga/144011/Kimi_no_Yoru_ni_Fureru
170;171;Wotaku ni Koi wa Muzukashii;8.35;https://myanimelist.net/manga/89087/Wotaku_ni_Koi_wa_Muzukashii
171;172;Ballroom e Youkoso;8.35;https://myanimelist.net/manga/48347/Ballroom_e_Youkoso
172;173;Gochuumon wa Usagi desu ka?;8.35;https://myanimelist.net/manga/49835/Gochuumon_wa_Usagi_desu_ka
173;174;Kieta Hatsukoi;8.35;https://myanimelist.net/manga/122906/Kieta_Hatsukoi
174;175;Bungou Stray Dogs: Dazai, Chuuya, Juugosai;8.35;https://myanimelist.net/manga/152024/Bungou_Stray_Dogs__Dazai_Chuuya_Juugosai
175;176;Versailles no Bara;8.35;https://myanimelist.net/manga/660/Versailles_no_Bara
176;177;Konjiki no Gash!!;8.35;https://myanimelist.net/manga/869/Konjiki_no_Gash
177;178;Kanata kara;8.34;https://myanimelist.net/manga/923/Kanata_kara
178;179;Homunculus;8.34;https://myanimelist.net/manga/936/Homunculus
179;180;Hadashi no Gen;8.34;https://myanimelist.net/manga/3281/Hadashi_no_Gen
180;181;Ten: Tenhou-doori no Kaidanji;8.34;https://myanimelist.net/manga/3571/Ten__Tenhou-doori_no_Kaidanji
181;182;Mairimashita! Iruma-kun;8.34;https://myanimelist.net/manga/104241/Mairimashita_Iruma-kun
182;183;Gin no Saji;8.33;https://myanimelist.net/manga/25096/Gin_no_Saji
183;184;Youjo Senki;8.33;https://myanimelist.net/manga/98436/Youjo_Senki
184;185;Mahoutsukai no Yome;8.33;https://myanimelist.net/manga/61189/Mahoutsukai_no_Yome
185;186;JoJo no Kimyou na Bouken Part 9: The JoJoLands;8.32;https://myanimelist.net/manga/139629/JoJo_no_Kimyou_na_Bouken_Part_9__The_JoJoLands
186;187;Sensou Kyoushitsu;8.32;https://myanimelist.net/manga/147585/Sensou_Kyoushitsu
187;188;Houkago Kitaku Biyori;8.32;https://myanimelist.net/manga/165876/Houkago_Kitaku_Biyori
188;189;Lovely★Complex;8.32;https://myanimelist.net/manga/31/Lovely★Complex
189;190;Gakuen Alice;8.32;https://myanimelist.net/manga/320/Gakuen_Alice
190;191;Full Metal Panic! Sigma;8.32;https://myanimelist.net/manga/895/Full_Metal_Panic_Sigma
191;192;Piano no Mori;8.32;https://myanimelist.net/manga/2895/Piano_no_Mori
192;193;Machida-kun no Sekai;8.32;https://myanimelist.net/manga/58141/Machida-kun_no_Sekai
193;194;Totsukuni no Shoujo;8.32;https://myanimelist.net/manga/93972/Totsukuni_no_Shoujo
194;195;Blue Giant Supreme;8.32;https://myanimelist.net/manga/100922/Blue_Giant_Supreme
195;196;Tsuihou sareru Tabi ni Skill wo Te ni Ireta Ore ga, 100 no Isekai de 2-shuume Musou;8.31;https://myanimelist.net/manga/156681/Tsuihou_sareru_Tabi_ni_Skill_wo_Te_ni_Ireta_Ore_ga_100_no_Isekai_de_2-shuume_Musou
196;197;Teito Seihai Kitan: Fate/type Redline;8.31;https://myanimelist.net/manga/123444/Teito_Seihai_Kitan__Fate_type_Redline
197;198;Mushishi Tokubetsu-hen: Hihamukage;8.31;https://myanimelist.net/manga/62023/Mushishi_Tokubetsu-hen__Hihamukage
198;199;Tokyo Ghoul:re;8.31;https://myanimelist.net/manga/81117/Tokyo_Ghoul_re
199;200;Saiki Kusuo no Ψ-nan;8.31;https://myanimelist.net/manga/37755/Saiki_Kusuo_no_Ψ-nan
200;201;Ookami Kodomo no Ame to Yuki;8.31;https://myanimelist.net/manga/40761/Ookami_Kodomo_no_Ame_to_Yuki
201;202;Mars;8.31;https://myanimelist.net/manga/443/Mars
202;203;Shin Angyo Onshi;8.31;https://myanimelist.net/manga/736/Shin_Angyo_Onshi
203;204;Touch;8.31;https://myanimelist.net/manga/1013/Touch
204;205;Saikyou Densetsu Kurosawa;8.31;https://myanimelist.net/manga/3575/Saikyou_Densetsu_Kurosawa
205;206;Hoshi no Samidare;8.31;https://myanimelist.net/manga/10552/Hoshi_no_Samidare
206;207;Daichouhen Doraemon;8.31;https://myanimelist.net/manga/12471/Daichouhen_Doraemon
207;208;Black Jack;8.30;https://myanimelist.net/manga/1600/Black_Jack
208;209;Kimi ni Todoke;8.30;https://myanimelist.net/manga/3378/Kimi_ni_Todoke
209;210;Takemitsuzamurai;8.30;https://myanimelist.net/manga/15306/Takemitsuzamurai
210;211;Bocchi the Rock!;8.30;https://myanimelist.net/manga/118568/Bocchi_the_Rock
211;212;Ao no Hako;8.30;https://myanimelist.net/manga/135545/Ao_no_Hako
212;213;Ojisama to Neko;8.29;https://myanimelist.net/manga/112774/Ojisama_to_Neko
213;214;Tsubasa: RESERVoir CHRoNiCLE;8.29;https://myanimelist.net/manga/9/Tsubasa__RESERVoir_CHRoNiCLE
214;215;Kodomo no Omocha;8.29;https://myanimelist.net/manga/18/Kodomo_no_Omocha
215;216;Paradise Kiss;8.29;https://myanimelist.net/manga/29/Paradise_Kiss
216;217;Blame!;8.29;https://myanimelist.net/manga/149/Blame
217;218;Black Lagoon;8.29;https://myanimelist.net/manga/735/Black_Lagoon
218;219;Doukyuusei;8.29;https://myanimelist.net/manga/9699/Doukyuusei
219;220;Love So Life;8.29;https://myanimelist.net/manga/14236/Love_So_Life
220;221;Umineko no Naku Koro ni - Episode 4: Alliance of the Golden Witch;8.29;https://myanimelist.net/manga/16144/Umineko_no_Naku_Koro_ni_-_Episode_4__Alliance_of_the_Golden_Witch
221;222;Akuyaku Reijou no Naka no Hito: Danzai sareta Tenseisha no Tame Usotsuki Heroine ni Fukushuu Itashimasu;8.29;https://myanimelist.net/manga/148542/Akuyaku_Reijou_no_Naka_no_Hito__Danzai_sareta_Tenseisha_no_Tame_Usotsuki_Heroine_ni_Fukushuu_Itashimasu
222;223;Canis Series;8.29;https://myanimelist.net/manga/57791/Canis_Series
223;224;Harukaze no Étranger;8.29;https://myanimelist.net/manga/77609/Harukaze_no_Étranger
224;225;Chichi to Hige-Gorilla to Watashi;8.28;https://myanimelist.net/manga/84983/Chichi_to_Hige-Gorilla_to_Watashi
225;226;Fumetsu no Anata e;8.28;https://myanimelist.net/manga/102343/Fumetsu_no_Anata_e
226;227;Koko wa Ima kara Rinri desu.;8.28;https://myanimelist.net/manga/106809/Koko_wa_Ima_kara_Rinri_desu
227;228;Shouwa Genroku Rakugo Shinjuu;8.28;https://myanimelist.net/manga/26704/Shouwa_Genroku_Rakugo_Shinjuu
228;229;Orange;8.28;https://myanimelist.net/manga/35573/Orange
229;230;D.Gray-man;8.28;https://myanimelist.net/manga/24/DGray-man
230;231;Sora wa Akai Kawa no Hotori;8.28;https://myanimelist.net/manga/79/Sora_wa_Akai_Kawa_no_Hotori
231;232;Hellsing;8.28;https://myanimelist.net/manga/267/Hellsing
232;233;Claymore;8.28;https://myanimelist.net/manga/583/Claymore
233;234;Tokyo Crazy Paradise;8.28;https://myanimelist.net/manga/762/Tokyo_Crazy_Paradise
234;235;Angel Densetsu;8.28;https://myanimelist.net/manga/838/Angel_Densetsu
235;236;Meitantei Conan;8.28;https://myanimelist.net/manga/1061/Meitantei_Conan
236;237;Buddha;8.28;https://myanimelist.net/manga/1111/Buddha
237;238;Higurashi no Naku Koro ni Kai: Meakashi-hen;8.28;https://myanimelist.net/manga/1262/Higurashi_no_Naku_Koro_ni_Kai__Meakashi-hen
238;239;Komatta Toki ni wa Hoshi ni Kike;8.28;https://myanimelist.net/manga/2459/Komatta_Toki_ni_wa_Hoshi_ni_Kike
239;240;Hana to Akuma;8.28;https://myanimelist.net/manga/6520/Hana_to_Akuma
240;241;Higurashi no Naku Koro ni Kai: Minagoroshi-hen;8.28;https://myanimelist.net/manga/9548/Higurashi_no_Naku_Koro_ni_Kai__Minagoroshi-hen
241;242;Gakuen Babysitters;8.28;https://myanimelist.net/manga/16922/Gakuen_Babysitters
242;243;Hanazakari no Kimitachi e;8.27;https://myanimelist.net/manga/57/Hanazakari_no_Kimitachi_e
243;244;Trigun Maximum;8.27;https://myanimelist.net/manga/704/Trigun_Maximum
244;245;Saint Seiya: The Lost Canvas - Meiou Shinwa;8.27;https://myanimelist.net/manga/1047/Saint_Seiya__The_Lost_Canvas_-_Meiou_Shinwa
245;246;Higurashi no Naku Koro ni Kai: Tsumihoroboshi-hen;8.27;https://myanimelist.net/manga/1263/Higurashi_no_Naku_Koro_ni_Kai__Tsumihoroboshi-hen
246;247;Sakamichi no Apollon: Bonus Track;8.27;https://myanimelist.net/manga/47022/Sakamichi_no_Apollon__Bonus_Track
247;248;Bungou Stray Dogs Wan!;8.27;https://myanimelist.net/manga/98379/Bungou_Stray_Dogs_Wan
248;249;Dengeki Daisy;8.26;https://myanimelist.net/manga/5255/Dengeki_Daisy
249;250;Magi;8.26;https://myanimelist.net/manga/14790/Magi
250;251;Kengan Ashura;8.26;https://myanimelist.net/manga/72025/Kengan_Ashura
251;252;Yomawari Sensei;8.26;https://myanimelist.net/manga/17910/Yomawari_Sensei
252;253;Yuki no Yousei;8.26;https://myanimelist.net/manga/145496/Yuki_no_Yousei
253;254;Mairimashita! Iruma-kun: If Episode of Mafia;8.26;https://myanimelist.net/manga/162733/Mairimashita_Iruma-kun__If_Episode_of_Mafia
254;255;Boy Meets Maria;8.26;https://myanimelist.net/manga/119392/Boy_Meets_Maria
255;256;Boku no Kokoro no Yabai Yatsu;8.25;https://myanimelist.net/manga/112807/Boku_no_Kokoro_no_Yabai_Yatsu
256;257;Kage no Jitsuryokusha ni Naritakute!;8.25;https://myanimelist.net/manga/119022/Kage_no_Jitsuryokusha_ni_Naritakute
257;258;Hachimitsu to Clover;8.25;https://myanimelist.net/manga/1009/Hachimitsu_to_Clover
258;259;Saiyuuki Gaiden;8.25;https://myanimelist.net/manga/1097/Saiyuuki_Gaiden
259;260;Liar Game;8.25;https://myanimelist.net/manga/1649/Liar_Game
260;261;Hikari to Tomo ni...: Jiheishouji wo Kakaete;8.25;https://myanimelist.net/manga/4258/Hikari_to_Tomo_ni__Jiheishouji_wo_Kakaete
261;262;Kiichi VS;8.25;https://myanimelist.net/manga/15547/Kiichi_VS
262;263;Kishuku Gakkou no Juliet;8.25;https://myanimelist.net/manga/91514/Kishuku_Gakkou_no_Juliet
263;264;Kuragehime;8.25;https://myanimelist.net/manga/17904/Kuragehime
264;265;Sunny;8.24;https://myanimelist.net/manga/23571/Sunny
265;266;Ansatsu Kyoushitsu;8.24;https://myanimelist.net/manga/39883/Ansatsu_Kyoushitsu
266;267;Initial D;8.24;https://myanimelist.net/manga/375/Initial_D
267;268;Planetes;8.24;https://myanimelist.net/manga/481/Planetes
268;269;JoJo no Kimyou na Bouken Part 6: Stone Ocean;8.24;https://myanimelist.net/manga/3009/JoJo_no_Kimyou_na_Bouken_Part_6__Stone_Ocean
269;270;Kamigami no Itadaki;8.24;https://myanimelist.net/manga/4625/Kamigami_no_Itadaki
270;271;Toaru Majutsu no Index Gaiden: Toaru Kagaku no Railgun;8.24;https://myanimelist.net/manga/7776/Toaru_Majutsu_no_Index_Gaiden__Toaru_Kagaku_no_Railgun
271;272;Jujutsu Kaisen;8.24;https://myanimelist.net/manga/113138/Jujutsu_Kaisen
272;273;Taishou Otome Otogibanashi;8.24;https://myanimelist.net/manga/96044/Taishou_Otome_Otogibanashi
273;274;Kaichou wa Maid-sama!: Marriage;8.24;https://myanimelist.net/manga/103989/Kaichou_wa_Maid-sama__Marriage
274;275;Hikaru ga Shinda Natsu;8.24;https://myanimelist.net/manga/141833/Hikaru_ga_Shinda_Natsu
275;276;Petshop of Horrors;8.23;https://myanimelist.net/manga/128/Petshop_of_Horrors
276;277;Shonan Junai Gumi!;8.23;https://myanimelist.net/manga/445/Shonan_Junai_Gumi
277;278;Rookies;8.23;https://myanimelist.net/manga/915/Rookies
278;279;Diamond no Ace;8.23;https://myanimelist.net/manga/10884/Diamond_no_Ace
279;280;Yuru Yuri;8.23;https://myanimelist.net/manga/11593/Yuru_Yuri
280;281;No.6;8.23;https://myanimelist.net/manga/24308/No6
281;282;Danshi Koukousei no Nichijou;8.23;https://myanimelist.net/manga/26144/Danshi_Koukousei_no_Nichijou
282;283;"Steins;Gate: Aishin Meizu no Babel";8.23;https://myanimelist.net/manga/47825/Steins_Gate__Aishin_Meizu_no_Babel
283;284;Koimonogatari;8.23;https://myanimelist.net/manga/92252/Koimonogatari
284;285;Beastars;8.23;https://myanimelist.net/manga/103701/Beastars
285;286;Hidamari ga Kikoeru: Limit;8.23;https://myanimelist.net/manga/112091/Hidamari_ga_Kikoeru__Limit
286;287;Act-age;8.23;https://myanimelist.net/manga/112115/Act-age
287;288;Summertime Render;8.22;https://myanimelist.net/manga/110031/Summertime_Render
288;289;Jigokuraku;8.22;https://myanimelist.net/manga/112318/Jigokuraku
289;290;Ghost Hunt;8.22;https://myanimelist.net/manga/158/Ghost_Hunt
290;291;Akagami no Shirayuki-hime;8.22;https://myanimelist.net/manga/4571/Akagami_no_Shirayuki-hime
291;292;Crows;8.22;https://myanimelist.net/manga/5651/Crows
292;293;GTO: Shonan 14 Days;8.22;https://myanimelist.net/manga/14531/GTO__Shonan_14_Days
293;294;Private Opinion: Banana Fish Another Story;8.22;https://myanimelist.net/manga/16593/Private_Opinion__Banana_Fish_Another_Story
294;295;Non Non Biyori;8.22;https://myanimelist.net/manga/17552/Non_Non_Biyori
295;296;"Steins;Gate 0";8.22;https://myanimelist.net/manga/107548/Steins_Gate_0
296;297;Tadaima, Okaeri;8.21;https://myanimelist.net/manga/103063/Tadaima_Okaeri
297;298;Boku ga Otto ni Deau made;8.21;https://myanimelist.net/manga/132962/Boku_ga_Otto_ni_Deau_made
298;299;Genshiken;8.21;https://myanimelist.net/manga/348/Genshiken
299;300;Saiyuuki Reload;8.21;https://myanimelist.net/manga/510/Saiyuuki_Reload
300;301;Hourou Musuko;8.21;https://myanimelist.net/manga/585/Hourou_Musuko
301;302;Eden: It's an Endless World!;8.21;https://myanimelist.net/manga/731/Eden__Its_an_Endless_World
302;303;7 Seeds;8.21;https://myanimelist.net/manga/1075/7_Seeds
303;304;Silver Diamond;8.21;https://myanimelist.net/manga/1208/Silver_Diamond
304;305;Sanctuary;8.21;https://myanimelist.net/manga/1461/Sanctuary
305;306;Cat Street;8.21;https://myanimelist.net/manga/1802/Cat_Street
306;307;Solanin;8.21;https://myanimelist.net/manga/3731/Solanin
307;308;Getter Robo Saga;8.21;https://myanimelist.net/manga/18074/Getter_Robo_Saga
308;309;Tsurezure Children;8.21;https://myanimelist.net/manga/58027/Tsurezure_Children
309;310;Yugami-kun ni wa Tomodachi ga Inai;8.21;https://myanimelist.net/manga/62547/Yugami-kun_ni_wa_Tomodachi_ga_Inai
310;311;Dead Dead Demons Dededede Destruction;8.20;https://myanimelist.net/manga/70801/Dead_Dead_Demons_Dededede_Destruction
311;312;Kimi ga Shinu made Koi wo Shitai;8.20;https://myanimelist.net/manga/115122/Kimi_ga_Shinu_made_Koi_wo_Shitai
312;313;Re:Zero kara Hajimeru Isekai Seikatsu: Dai-4 Shou - Seiiki to Gouyoku no Majo;8.20;https://myanimelist.net/manga/124470/Re_Zero_kara_Hajimeru_Isekai_Seikatsu__Dai-4_Shou_-_Seiiki_to_Gouyoku_no_Majo
313;314;Dr. Stone;8.20;https://myanimelist.net/manga/103897/Dr_Stone
314;315;Majo to Yajuu;8.20;https://myanimelist.net/manga/106204/Majo_to_Yajuu
315;316;Machikado Mazoku;8.20;https://myanimelist.net/manga/108566/Machikado_Mazoku
316;317;Aku no Hana;8.20;https://myanimelist.net/manga/24705/Aku_no_Hana
317;318;Taiyou no Ie;8.20;https://myanimelist.net/manga/26736/Taiyou_no_Ie
318;319;Hitsugikatsugi no Kuro.: Kaichu Tabi no Wa;8.20;https://myanimelist.net/manga/4453/Hitsugikatsugi_no_Kuro__Kaichu_Tabi_no_Wa
319;320;Tasogare Otome x Amnesia;8.20;https://myanimelist.net/manga/15805/Tasogare_Otome_x_Amnesia
320;321;Yoake no Uta;8.20;https://myanimelist.net/manga/140409/Yoake_no_Uta
321;322;Shinai naru Boku e Satsui wo Komete;8.19;https://myanimelist.net/manga/115746/Shinai_naru_Boku_e_Satsui_wo_Komete
322;323;Bishoujo Senshi Sailor Moon;8.19;https://myanimelist.net/manga/92/Bishoujo_Senshi_Sailor_Moon
323;324;Meteor Methuselah;8.19;https://myanimelist.net/manga/373/Meteor_Methuselah
324;325;H2;8.19;https://myanimelist.net/manga/1014/H2
325;326;Akagi: Yami ni Oritatta Tensai;8.19;https://myanimelist.net/manga/1218/Akagi__Yami_ni_Oritatta_Tensai
326;327;Historie;8.19;https://myanimelist.net/manga/2924/Historie
327;328;xxxHOLiC: Rei;8.19;https://myanimelist.net/manga/46010/xxxHOLiC__Rei
328;329;Hirunaka no Ryuusei;8.18;https://myanimelist.net/manga/27231/Hirunaka_no_Ryuusei
329;330;Innocent;8.18;https://myanimelist.net/manga/58563/Innocent
330;331;Tsukuritai Onna to Tabetai Onna;8.18;https://myanimelist.net/manga/140295/Tsukuritai_Onna_to_Tabetai_Onna
331;332;Yuu☆Yuu☆Hakusho;8.18;https://myanimelist.net/manga/53/Yuu☆Yuu☆Hakusho
332;333;Koori no Mamono no Monogatari;8.18;https://myanimelist.net/manga/1982/Koori_no_Mamono_no_Monogatari
333;334;JoJo no Kimyou na Bouken Part 5: Ougon no Kaze;8.18;https://myanimelist.net/manga/3008/JoJo_no_Kimyou_na_Bouken_Part_5__Ougon_no_Kaze
334;335;Bokura no Shokutaku;8.18;https://myanimelist.net/manga/104491/Bokura_no_Shokutaku
335;336;Fushigi Neko no Kyuu-chan;8.18;https://myanimelist.net/manga/112694/Fushigi_Neko_no_Kyuu-chan
336;337;Yofukashi no Uta;8.17;https://myanimelist.net/manga/121480/Yofukashi_no_Uta
337;338;Sakamoto Days;8.17;https://myanimelist.net/manga/131334/Sakamoto_Days
338;339;Fukigen na Mononokean;8.17;https://myanimelist.net/manga/67401/Fukigen_na_Mononokean
339;340;Otouto no Otto;8.17;https://myanimelist.net/manga/80375/Otouto_no_Otto
340;341;Last Game;8.17;https://myanimelist.net/manga/30315/Last_Game
341;342;Higurashi no Naku Koro ni Kai: Matsuribayashi-hen;8.17;https://myanimelist.net/manga/9738/Higurashi_no_Naku_Koro_ni_Kai__Matsuribayashi-hen
342;343;Uzumaki;8.16;https://myanimelist.net/manga/436/Uzumaki
343;344;Ookiku Furikabutte;8.16;https://myanimelist.net/manga/994/Ookiku_Furikabutte
344;345;Touhou Shinigami: Meteor Methuselah Gaiden;8.16;https://myanimelist.net/manga/10865/Touhou_Shinigami__Meteor_Methuselah_Gaiden
345;346;Shingeki no Kyojin: Kuinaki Sentaku;8.16;https://myanimelist.net/manga/58007/Shingeki_no_Kyojin__Kuinaki_Sentaku
346;347;Yahari Ore no Seishun Love Comedy wa Machigatteiru. @comic;8.16;https://myanimelist.net/manga/80091/Yahari_Ore_no_Seishun_Love_Comedy_wa_Machigatteiru_comic
347;348;Tonikaku Kawaii;8.16;https://myanimelist.net/manga/112589/Tonikaku_Kawaii
348;349;Bungou Stray Dogs: Dead Apple;8.16;https://myanimelist.net/manga/113163/Bungou_Stray_Dogs__Dead_Apple
349;350;Yamada-kun to Lv999 no Koi wo Suru;8.16;https://myanimelist.net/manga/125052/Yamada-kun_to_Lv999_no_Koi_wo_Suru
350;351;[Oshi no Ko];8.16;https://myanimelist.net/manga/126146/Oshi_no_Ko
351;352;Chi. Chikyuu no Undou ni Tsuite;8.16;https://myanimelist.net/manga/137939/Chi_Chikyuu_no_Undou_ni_Tsuite
352;353;Doukyuusei: Gold Ring & Silver Ring;8.16;https://myanimelist.net/manga/102703/Doukyuusei__Gold_Ring___Silver_Ring
353;354;Ano Hi Mita Hana no Namae wo Bokutachi wa Mada Shiranai.;8.15;https://myanimelist.net/manga/35733/Ano_Hi_Mita_Hana_no_Namae_wo_Bokutachi_wa_Mada_Shiranai
354;355;Fate/kaleid liner Prisma☆Illya 3rei!!;8.15;https://myanimelist.net/manga/36131/Fate_kaleid_liner_Prisma☆Illya_3rei
355;356;Mahou Shoujo Madoka★Magica: The Different Story;8.15;https://myanimelist.net/manga/44319/Mahou_Shoujo_Madoka★Magica__The_Different_Story
356;357;Nukozuke!;8.15;https://myanimelist.net/manga/45947/Nukozuke
357;358;Sayonara Zetsubou Sensei;8.15;https://myanimelist.net/manga/661/Sayonara_Zetsubou_Sensei
358;359;Maison Ikkoku;8.15;https://myanimelist.net/manga/688/Maison_Ikkoku
359;360;Shingetsutan Tsukihime;8.15;https://myanimelist.net/manga/705/Shingetsutan_Tsukihime
360;361;Fushigi Yuugi: Genbu Kaiden;8.15;https://myanimelist.net/manga/929/Fushigi_Yuugi__Genbu_Kaiden
361;362;Sora no Otoshimono;8.15;https://myanimelist.net/manga/8144/Sora_no_Otoshimono
362;363;Capeta;8.15;https://myanimelist.net/manga/9546/Capeta
363;364;Bakuon Rettou;8.15;https://myanimelist.net/manga/10443/Bakuon_Rettou
364;365;Ase to Sekken;8.15;https://myanimelist.net/manga/117840/Ase_to_Sekken
365;366;Mystery to Iu nakare;8.14;https://myanimelist.net/manga/111229/Mystery_to_Iu_nakare
366;367;Sasayaku You ni Koi wo Utau;8.14;https://myanimelist.net/manga/118625/Sasayaku_You_ni_Koi_wo_Utau
367;368;Ponkotsu Ponko;8.14;https://myanimelist.net/manga/120250/Ponkotsu_Ponko
368;369;Shangri-La Frontier: Kusoge Hunter, Kamige ni Idoman to su;8.14;https://myanimelist.net/manga/130331/Shangri-La_Frontier__Kusoge_Hunter_Kamige_ni_Idoman_to_su
369;370;Binbougami ga!;8.14;https://myanimelist.net/manga/20242/Binbougami_ga
370;371;Helck;8.14;https://myanimelist.net/manga/77637/Helck
371;372;Hidamari ga Kikoeru;8.14;https://myanimelist.net/manga/84255/Hidamari_ga_Kikoeru
372;373;Yakusoku no Neverland;8.14;https://myanimelist.net/manga/100128/Yakusoku_no_Neverland
373;374;Kareshi Kanojo no Jijou;8.14;https://myanimelist.net/manga/17/Kareshi_Kanojo_no_Jijou
374;375;Emma;8.14;https://myanimelist.net/manga/729/Emma
375;376;Gunnm: Last Order;8.14;https://myanimelist.net/manga/770/Gunnm__Last_Order
376;377;Shiawase Kissa 3-choume;8.14;https://myanimelist.net/manga/1110/Shiawase_Kissa_3-choume
377;378;Iryuu: Team Medical Dragon;8.14;https://myanimelist.net/manga/1297/Iryuu__Team_Medical_Dragon
378;379;JoJo no Kimyou na Bouken Part 2: Sentou Chouryuu;8.14;https://myanimelist.net/manga/1630/JoJo_no_Kimyou_na_Bouken_Part_2__Sentou_Chouryuu
379;380;Adolf ni Tsugu;8.14;https://myanimelist.net/manga/1695/Adolf_ni_Tsugu
380;381;Soredemo Machi wa Mawatteiru;8.14;https://myanimelist.net/manga/3042/Soredemo_Machi_wa_Mawatteiru
381;382;Sengoku Youko;8.14;https://myanimelist.net/manga/8070/Sengoku_Youko
382;383;Zankoku na Kami ga Shihai suru;8.14;https://myanimelist.net/manga/8652/Zankoku_na_Kami_ga_Shihai_suru
383;384;Major;8.14;https://myanimelist.net/manga/10978/Major
384;385;Keishichou Tokuhanka 007;8.14;https://myanimelist.net/manga/11850/Keishichou_Tokuhanka_007
385;386;Kimi to Boku.;8.13;https://myanimelist.net/manga/8557/Kimi_to_Boku
386;387;Tengoku Daimakyou;8.13;https://myanimelist.net/manga/111745/Tengoku_Daimakyou
387;388;Tsukiatte Agetemo Ii kana;8.13;https://myanimelist.net/manga/117020/Tsukiatte_Agetemo_Ii_kana
388;389;Hoshi Mamoru Inu;8.13;https://myanimelist.net/manga/21467/Hoshi_Mamoru_Inu
389;390;Bokura wa Minna Kawai-sou;8.13;https://myanimelist.net/manga/26769/Bokura_wa_Minna_Kawai-sou
390;391;Kimetsu no Yaiba;8.13;https://myanimelist.net/manga/96792/Kimetsu_no_Yaiba
391;392;Amaama to Inazuma;8.13;https://myanimelist.net/manga/63535/Amaama_to_Inazuma
392;393;NHK ni Youkoso!;8.12;https://myanimelist.net/manga/463/NHK_ni_Youkoso
393;394;God Child;8.12;https://myanimelist.net/manga/635/God_Child
394;395;City Hunter;8.12;https://myanimelist.net/manga/792/City_Hunter
395;396;NG Life;8.12;https://myanimelist.net/manga/7010/NG_Life
396;397;Beelzebub;8.12;https://myanimelist.net/manga/10010/Beelzebub
397;398;Hakumei to Mikochi;8.12;https://myanimelist.net/manga/80841/Hakumei_to_Mikochi
398;399;Ao Haru Ride;8.12;https://myanimelist.net/manga/24294/Ao_Haru_Ride
399;400;Re:Zero kara Hajimeru Isekai Seikatsu: Dai-3 Shou - Truth of Zero;8.12;https://myanimelist.net/manga/89960/Re_Zero_kara_Hajimeru_Isekai_Seikatsu__Dai-3_Shou_-_Truth_of_Zero
